chrom1	pos1	chrom2	pos2	support	median_mapq	notes	example_reads	genes_left	genes_right
chr21	8211012	chr11	133141106	1	38	primaryL->SAend	83a169d2-03cd-4b88-883c-fac8bfc9e0e7	FP671120.3	
chr21	8211012	chr22_KI270733v1_random	127793	1	38	primaryL->SAend	83a169d2-03cd-4b88-883c-fac8bfc9e0e7	FP671120.3	
chr21	8211493	chr11	133140532	1	38	primaryR->SAstart	83a169d2-03cd-4b88-883c-fac8bfc9e0e7		
chr21	8211493	chr22_KI270733v1_random	127436	1	38	primaryR->SAstart	83a169d2-03cd-4b88-883c-fac8bfc9e0e7		
chr21	8260857	chr17	64503207	1	50	primaryL->SAend	0a72e08a-dacb-4033-a336-7f5787140249		
chr21	8260971	chr17	64499620	1	50	primaryR->SAstart	0a72e08a-dacb-4033-a336-7f5787140249		DDX5
chr21	8398646	chr4	17607969	1	25	primaryL->SAend	5093df5b-7672-4cbe-81c5-0a5370fab043		AC006160.1
chr21	8400392	chr4	17607881	1	25	primaryR->SAstart	5093df5b-7672-4cbe-81c5-0a5370fab043		AC006160.1
chr21	8444200	chrM	407	1	23	primaryL->SAend	b113402e-0d11-42de-bdcd-379515f2c4a1		
chr21	8446210	chrM	216	1	23	primaryR->SAstart	b113402e-0d11-42de-bdcd-379515f2c4a1		
chr21	15841688	chr15	48879805	1	60	primaryL->SAend	c923396c-c934-4fde-a647-cc4ff7b91378		EID1
chr21	15842562	chr15	48879398	1	60	primaryR->SAstart	c923396c-c934-4fde-a647-cc4ff7b91378		EID1
chr21	18857873	chr7	44801628	1	33	primaryL->SAend	651a631b-81d5-475e-8586-c71ae77c9a97	PPIAP22	PPIA
chr21	18858377	chr3	60732039	1	31	primaryL->SAend	5f4a3ee4-8844-4d29-8590-a8c24c76238c		
chr21	18858493	chr3	60690043	1	31	primaryR->SAstart	5f4a3ee4-8844-4d29-8590-a8c24c76238c		
chr21	18858493	chr7	44734165	1	33	primaryR->SAstart	651a631b-81d5-475e-8586-c71ae77c9a97		
chr21	24443660	chr15	45462661	1	60	primaryL->SAend	12009d24-76d3-46f9-bec4-e7f594d0cdc8	LINC01684	AC025580.2
chr21	24445070	chr15	45462097	1	60	primaryR->SAstart	12009d24-76d3-46f9-bec4-e7f594d0cdc8	LINC01684	AC025580.2
chr21	25362745	chr19	49492294	1	43	primaryL->SAend	e4b19e23-d73c-47b5-8864-54f20e6111c6		
chr21	25373614	chr19	49492130	1	43	primaryR->SAstart	e4b19e23-d73c-47b5-8864-54f20e6111c6		
chr21	25569865	chr19	23828135	1	60	primaryL->SAend	43021c3c-88a9-435f-94da-d0cee5f8634d	MIR155HG	
chr21	25574056	chr6	118907800	1	60	primaryL->SAend	f700777f-d50a-4111-bcab-3d09fdc08087		ASF1A
chr21	25574092	chr9	37436990	1	60	primaryL->SAend	ebd11846-4607-4864-ae38-9838291f4fcd		
chr21	25574237	chr19	23827839	1	60	primaryR->SAstart	43021c3c-88a9-435f-94da-d0cee5f8634d		RPSAP58
chr21	25574331	chr6	118894252	1	60	primaryR->SAstart	f700777f-d50a-4111-bcab-3d09fdc08087		ASF1A
chr21	25574331	chr9	37436784	1	60	primaryR->SAstart	ebd11846-4607-4864-ae38-9838291f4fcd		
chr21	25574784	chr15	64955063	1	50	primaryL->SAend	0a426fa3-ded2-405c-afc6-824e1c97d5e6		
chr21	25574784	chr7	37848371	1	50	primaryL->SAend	0a426fa3-ded2-405c-afc6-824e1c97d5e6		
chr21	25575165	chr15	64952235	1	50	primaryR->SAstart	0a426fa3-ded2-405c-afc6-824e1c97d5e6		
chr21	25575165	chr7	37847187	1	50	primaryR->SAstart	0a426fa3-ded2-405c-afc6-824e1c97d5e6		
chr21	25585656	chr22_KI270733v1_random	135280	1	60	primaryL->SAend	8b21f0ce-10d5-4746-b587-100adadfaae6		
chr21	25593955	chr22_KI270733v1_random	135058	1	60	primaryR->SAstart	8b21f0ce-10d5-4746-b587-100adadfaae6	MRPL39	
chr21	25724500	chr22_KI270733v1_random	172310	1	60	primaryL->SAend	f393c8ee-83cb-4861-8826-a2d7e0382ea0	ATP5PF	
chr21	25724500	chr22_KI270733v1_random	172432	1	60	primaryL->SAend	39c97f46-2d8f-4e11-9959-439fdbfd6c5f	ATP5PF	
chr21	25724503	chr5	135334683	1	60	primaryL->SAend	65c05c4e-486c-4ec5-908c-d0eadcb4d8b1	ATP5PF	H2AFY
chr21	25724604	chr5	135334381	1	60	primaryR->SAstart	65c05c4e-486c-4ec5-908c-d0eadcb4d8b1	ATP5PF	H2AFY
chr21	25724608	chr22_KI270733v1_random	171024	1	60	primaryR->SAstart	39c97f46-2d8f-4e11-9959-439fdbfd6c5f	ATP5PF	
chr21	25725243	chr22_KI270733v1_random	171026	1	60	primaryR->SAstart	f393c8ee-83cb-4861-8826-a2d7e0382ea0	ATP5PF	
chr21	28511389	chrEBV	40195	2	60	primaryL->SAend	f422b5b5-31c6-4d08-9518-6b9045924f18,f422b5b5-31c6-4d08-9518-6b9045924f18	AF165147.1	
chr21	28511836	chrEBV	38011	1	60	primaryR->SAstart	f422b5b5-31c6-4d08-9518-6b9045924f18	AF165147.1	
chr21	28511836	chrEBV	40083	1	60	primaryR->SAstart	f422b5b5-31c6-4d08-9518-6b9045924f18	AF165147.1	
chr21	29593842	chr12	120498465	1	60	primaryL->SAend	84a96d5c-79c6-4cd8-a7a2-c4820a3fc3b1	GRIK1	
chr21	29630751	chr12	120496123	1	60	primaryR->SAstart	84a96d5c-79c6-4cd8-a7a2-c4820a3fc3b1	GRIK1	
chr21	31659700	chr12	112917947	1	60	primaryL->SAend	ded9eb00-ede6-4480-8a13-cf57e12dc3bb	SOD1	AC004551.1
chr21	31663864	chr12	112917775	1	60	primaryR->SAstart	ded9eb00-ede6-4480-8a13-cf57e12dc3bb	SOD1	AC004551.1
chr21	31666447	chr7	54759221	1	60	primaryL->SAend	d11de87a-ba49-4f8a-a930-1f663048e3dd		SEC61G
chr21	31666487	chr16	51108118	1	45	primaryL->SAend	68a14046-52aa-48c0-88b5-fd6ea4b9fc44		
chr21	31668479	chr22_KI270733v1_random	132391	1	60	primaryL->SAend	7f25936d-7504-44b0-af3c-50a937f0f8ea		
chr21	31668479	chr6	24029873	1	60	primaryL->SAend	7f25936d-7504-44b0-af3c-50a937f0f8ea		
chr21	31668671	chr22_KI270733v1_random	131056	1	60	primaryR->SAstart	7f25936d-7504-44b0-af3c-50a937f0f8ea		
chr21	31668671	chr6	24029469	1	60	primaryR->SAstart	7f25936d-7504-44b0-af3c-50a937f0f8ea		
chr21	31668677	chr16	51047086	1	45	primaryR->SAstart	68a14046-52aa-48c0-88b5-fd6ea4b9fc44		
chr21	31668680	chr7	54752332	1	60	primaryR->SAstart	d11de87a-ba49-4f8a-a930-1f663048e3dd		SEC61G
chr21	31783962	chr10	123255943	1	49	primaryL->SAend	219b6e28-9f5b-4e09-a391-63272db99f52		
chr21	31783962	chr11	70026371	1	49	primaryL->SAend	219b6e28-9f5b-4e09-a391-63272db99f52		
chr21	31783962	chr15	45463988	15	49	primaryL->SAend	219b6e28-9f5b-4e09-a391-63272db99f52,219b6e28-9f5b-4e09-a391-63272db99f52,219b6e28-9f5b-4e09-a391-63272db99f52		AC025580.2
chr21	31783962	chr16	86862276	1	49	primaryL->SAend	219b6e28-9f5b-4e09-a391-63272db99f52		
chr21	31783962	chr17	62794317	1	49	primaryL->SAend	219b6e28-9f5b-4e09-a391-63272db99f52		MARCH10
chr21	31783962	chr22	43505210	3	49	primaryL->SAend	219b6e28-9f5b-4e09-a391-63272db99f52,219b6e28-9f5b-4e09-a391-63272db99f52,219b6e28-9f5b-4e09-a391-63272db99f52		MPPED1
chr21	31783962	chr3	97989539	2	54	primaryL->SAend	219b6e28-9f5b-4e09-a391-63272db99f52,1eb65f83-e67f-4cab-8f24-3e5b5025c962		GABRR3
chr21	31783962	chr8	139804811	1	60	primaryL->SAend	1eb65f83-e67f-4cab-8f24-3e5b5025c962		TRAPPC9
chr21	31785945	chr10	123254338	1	49	primaryR->SAstart	219b6e28-9f5b-4e09-a391-63272db99f52		
chr21	31785945	chr11	69844201	1	49	primaryR->SAstart	219b6e28-9f5b-4e09-a391-63272db99f52		
chr21	31785945	chr15	45461395	14	49	primaryR->SAstart	219b6e28-9f5b-4e09-a391-63272db99f52,219b6e28-9f5b-4e09-a391-63272db99f52,219b6e28-9f5b-4e09-a391-63272db99f52		AC025580.2
chr21	31785945	chr15	45461749	1	60	primaryR->SAstart	1eb65f83-e67f-4cab-8f24-3e5b5025c962		AC025580.2
chr21	31785945	chr16	86802104	1	49	primaryR->SAstart	219b6e28-9f5b-4e09-a391-63272db99f52		
chr21	31785945	chr17	62792479	1	49	primaryR->SAstart	219b6e28-9f5b-4e09-a391-63272db99f52		MARCH10
chr21	31785945	chr22	43475468	3	49	primaryR->SAstart	219b6e28-9f5b-4e09-a391-63272db99f52,219b6e28-9f5b-4e09-a391-63272db99f52,219b6e28-9f5b-4e09-a391-63272db99f52		MPPED1
chr21	31785945	chr3	97988520	2	54	primaryR->SAstart	219b6e28-9f5b-4e09-a391-63272db99f52,1eb65f83-e67f-4cab-8f24-3e5b5025c962		GABRR3
chr21	31785945	chr8	139804015	1	60	primaryR->SAstart	1eb65f83-e67f-4cab-8f24-3e5b5025c962		TRAPPC9
chr21	33264712	chr19	3299721	1	60	primaryL->SAend	913ada82-0797-4da3-b7f2-23b0268902e9	IL10RB-DT	AC010649.1
chr21	33265190	chr7	37848284	1	48	primaryL->SAend	393e1248-b048-40fc-a061-c9215c6cf4d1	IL10RB-DT	
chr21	33265664	chr19	3298079	1	60	primaryR->SAstart	913ada82-0797-4da3-b7f2-23b0268902e9	IL10RB-DT	AC010649.1
chr21	33265674	chr7	37847996	1	48	primaryR->SAstart	393e1248-b048-40fc-a061-c9215c6cf4d1	IL10RB-DT	
chr21	33295591	chrX	150868131	1	60	primaryL->SAend	9339d5f4-3007-4196-aa0d-0fabd51159c2	IL10RB	
chr21	33297234	chrX	150824150	1	60	primaryR->SAstart	9339d5f4-3007-4196-aa0d-0fabd51159c2	IL10RB	
chr21	33349193	chr9	15462592	1	60	primaryL->SAend	0b197247-53bb-4d4b-92a1-595e15eb52b5		
chr21	33349545	chr9	15461629	1	60	primaryR->SAstart	0b197247-53bb-4d4b-92a1-595e15eb52b5		
chr21	33432506	chr20	2890033	1	60	primaryL->SAend	5460baf0-afcc-41ba-b446-06f24c3956fc	TMEM50B	PTPRA
chr21	33448903	chr20	2873577	1	60	primaryR->SAstart	5460baf0-afcc-41ba-b446-06f24c3956fc	TMEM50B	PTPRA
chr21	33559227	chr2	191014147	1	60	primaryL->SAend	e2c5460f-f4b0-4b8c-ba86-2a41f68f95cc		
chr21	33573291	chr6	24029692	1	60	primaryL->SAend	07adfcba-946d-452f-a439-b030cb000f80	DONSON	
chr21	33576398	chr15	64955063	1	26	primaryL->SAend	43a2b8b2-48d4-4bd5-b7fd-aa074f2d86cc	DONSON	
chr21	33577357	chr2	190970498	1	60	primaryR->SAstart	e2c5460f-f4b0-4b8c-ba86-2a41f68f95cc	DONSON	STAT1
chr21	33577481	chr15	64951386	1	26	primaryR->SAstart	43a2b8b2-48d4-4bd5-b7fd-aa074f2d86cc	DONSON	AC103691.1
chr21	33577481	chr6	24029487	1	60	primaryR->SAstart	07adfcba-946d-452f-a439-b030cb000f80	DONSON	
chr21	33903462	chr22	50199140	1	27	primaryL->SAend	66096159-a3d8-4a5c-992f-aa5d8e5aaa14	ATP5PO	AL022328.4
chr21	33903499	chr17	39204727	1	60	primaryL->SAend	20e71790-09e3-4b5f-8bc9-d4968c8636bf	ATP5PO	RPL19
chr21	33904012	chr17	39200330	1	60	primaryR->SAstart	20e71790-09e3-4b5f-8bc9-d4968c8636bf	ATP5PO	RPL19
chr21	33912329	chr22	50198346	1	27	primaryR->SAstart	66096159-a3d8-4a5c-992f-aa5d8e5aaa14	ATP5PO	
chr21	34791755	chr6	26362236	1	60	primaryL->SAend	2a98fb01-29a6-45fd-b25b-1e444c0e5c1b	RUNX1	
chr21	34887098	chr6	26362150	1	60	primaryR->SAstart	2a98fb01-29a6-45fd-b25b-1e444c0e5c1b	RUNX1	
chr21	35599678	chr7	148807722	1	60	primaryL->SAend	f039c173-3c15-471b-9e87-4029fc20cb59		EZH2
chr21	35600022	chr7	148810390	1	39	primaryL->SAend	8460983c-715f-4922-932c-89dcac041bac	EZH2P1	EZH2
chr21	35602713	chr7	148807454	1	39	primaryR->SAstart	8460983c-715f-4922-932c-89dcac041bac		EZH2
chr21	35784963	chr7	148807405	1	60	primaryR->SAstart	f039c173-3c15-471b-9e87-4029fc20cb59		EZH2
chr21	36341397	chr11	61964820	1	60	primaryL->SAend	d76d944d-2a5b-46a6-87e6-46d4377c6d40	MORC3	FTH1
chr21	36341521	chr11	61964565	1	60	primaryR->SAstart	d76d944d-2a5b-46a6-87e6-46d4377c6d40	MORC3	FTH1
chr21	36416540	chr6	26217213	1	60	primaryL->SAend	bcee5f20-6fd8-4a26-8bb0-2e00af48b3ce		HIST1H2AE
chr21	36416827	chr6	26216934	1	60	primaryR->SAstart	bcee5f20-6fd8-4a26-8bb0-2e00af48b3ce		
chr21	36418454	chr3	196224790	1	60	primaryL->SAend	105a8914-e606-4f7c-bba8-03c46da86ab6		PCYT1A
chr21	36419015	chr3	196155220	1	60	primaryR->SAstart	105a8914-e606-4f7c-bba8-03c46da86ab6		LINC00885
chr21	36460626	chr2	10057564	1	60	primaryL->SAend	ad72e176-0ca0-4987-8cc1-5e26965c42e1	CLDN14	CYS1
chr21	36461025	chr2	10056944	1	60	primaryR->SAstart	ad72e176-0ca0-4987-8cc1-5e26965c42e1	CLDN14	CYS1
chr21	36542565	chr9	74948207	1	60	primaryL->SAend	8d465128-5012-44c8-946f-a95ffd13646d		C9orf40
chr21	36542775	chr9	74947629	1	60	primaryR->SAstart	8d465128-5012-44c8-946f-a95ffd13646d		C9orf40
chr21	37221453	chrY	13234829	1	60	primaryL->SAend	d43dc3da-b248-4a6c-9f80-e90af5dda7de	AP001432.1	
chr21	37221598	chrY	13234582	1	60	primaryR->SAstart	d43dc3da-b248-4a6c-9f80-e90af5dda7de	AP001432.1	
chr21	37365489	chr7	37848371	1	60	primaryL->SAend	e74a0eb2-c08d-48b8-b91c-00dcd4378366	AP001437.1	
chr21	37366279	chr7	37847412	1	60	primaryR->SAstart	e74a0eb2-c08d-48b8-b91c-00dcd4378366	DYRK1A	
chr21	39184176	chr4	40555902	1	60	primaryL->SAend	8bff78c4-c0c8-4a27-a96f-4055aea24e65		
chr21	39184793	chr4	40555576	1	60	primaryR->SAstart	8bff78c4-c0c8-4a27-a96f-4055aea24e65	AF129408.1	
chr21	39342315	chr6	24029698	1	60	primaryL->SAend	6647870d-1319-48fd-aaa9-d11f026b3cbb		
chr21	39342317	chrM	9991	1	60	primaryL->SAend	15ff586a-ac7e-443a-ae89-daaf8fe8bae0	HMGN1	
chr21	39342318	chr14	100482078	1	35	primaryL->SAend	3942dc6b-4f4c-4b95-8dd9-a9c528909c30	HMGN1	
chr21	39342318	chr15	64954712	1	35	primaryL->SAend	3942dc6b-4f4c-4b95-8dd9-a9c528909c30	HMGN1	
chr21	39342319	chrX	9883226	1	40	primaryL->SAend	220f2507-69df-482e-b64c-978393c06fd3	HMGN1	
chr21	39342321	chrX	150824540	1	60	primaryL->SAend	6f99c80f-2b53-4652-93ae-3b410504d57a	HMGN1	
chr21	39342327	chr7	100154203	1	60	primaryL->SAend	a448804e-62ea-40cd-bfe5-a34f76872921	HMGN1	LAMTOR4
chr21	39342360	chr5	38134483	1	54	primaryL->SAend	688111b7-0746-4ebc-81bc-313c662cb609	HMGN1	LINC02107
chr21	39342370	chr5	11817111	1	50	primaryL->SAend	4ad8f925-7de3-48cc-907d-1424fe1e456d	HMGN1	
chr21	39342808	chr5	11816970	1	50	primaryR->SAstart	4ad8f925-7de3-48cc-907d-1424fe1e456d	HMGN1	
chr21	39342868	chr6	24029469	1	60	primaryR->SAstart	6647870d-1319-48fd-aaa9-d11f026b3cbb	HMGN1	
chr21	39342925	chr8	96231021	1	56	primaryL->SAend	3c2bb420-53bc-42c9-91a4-11a4e4bd0237	HMGN1	UQCRB
chr21	39347576	chrM	9220	1	60	primaryR->SAstart	15ff586a-ac7e-443a-ae89-daaf8fe8bae0		MT-CO3
chr21	39348472	chr5	38134321	1	54	primaryR->SAstart	688111b7-0746-4ebc-81bc-313c662cb609		LINC02107
chr21	39348472	chrX	150824326	1	60	primaryR->SAstart	6f99c80f-2b53-4652-93ae-3b410504d57a		
chr21	39348944	chrX	9864256	1	40	primaryR->SAstart	220f2507-69df-482e-b64c-978393c06fd3		
chr21	39349035	chr7	100153866	1	60	primaryR->SAstart	a448804e-62ea-40cd-bfe5-a34f76872921		LAMTOR4
chr21	39349042	chr8	96230939	1	56	primaryR->SAstart	3c2bb420-53bc-42c9-91a4-11a4e4bd0237		UQCRB
chr21	39349117	chr14	100238604	1	35	primaryR->SAstart	3942dc6b-4f4c-4b95-8dd9-a9c528909c30		YY1
chr21	39349117	chr15	64951271	1	35	primaryR->SAstart	3942dc6b-4f4c-4b95-8dd9-a9c528909c30		AC103691.1
chr21	39397387	chrM	6627	1	60	primaryL->SAend	d365705a-d6a2-4638-9fee-258be4972cf1	WRB-SH3BGR	MT-CO1
chr21	39397700	chrM	5892	1	60	primaryR->SAstart	d365705a-d6a2-4638-9fee-258be4972cf1	WRB-SH3BGR	
chr21	41376918	chr6	103205906	1	60	primaryL->SAend	78fc2899-21ed-4e9f-9667-72c2d75c93ea	MX2	
chr21	41382383	chr6	24029759	1	60	primaryL->SAend	fc6ed25d-a85e-42cb-8842-1975dd4cd8c2	MX2	
chr21	41408939	chr6	24029469	1	60	primaryR->SAstart	fc6ed25d-a85e-42cb-8842-1975dd4cd8c2	MX2	
chr21	41408939	chr6	103205217	1	60	primaryR->SAstart	78fc2899-21ed-4e9f-9667-72c2d75c93ea	MX2	
chr21	41430486	chr15	64954627	1	60	primaryL->SAend	f5a40529-0652-474b-94ae-b765d674beb0	MX1	
chr21	41443796	chr15	64954838	1	60	primaryL->SAend	a5236048-b3c3-4073-81b2-dcedc7a05678	AP001610.1	
chr21	41443796	chr15	64955063	3	60	primaryL->SAend	a5236048-b3c3-4073-81b2-dcedc7a05678,a5236048-b3c3-4073-81b2-dcedc7a05678,a5236048-b3c3-4073-81b2-dcedc7a05678	AP001610.1	
chr21	41444148	chr15	64951271	1	60	primaryR->SAstart	f5a40529-0652-474b-94ae-b765d674beb0	AP001610.1	AC103691.1
chr21	41447676	chr15	64952408	1	60	primaryL->SAend	f03a12ad-2f9a-4db2-b00e-070043996efc		
chr21	41448741	chr6	24029754	1	60	primaryL->SAend	a4b2d3de-b33c-4f7e-9fe7-e03a3f1c95b5		
chr21	41448804	chr15	64954452	1	60	primaryL->SAend	b1dc92a2-3ff0-450d-9031-815080791505		
chr21	41449016	chr6	24029873	1	60	primaryL->SAend	5f423442-6a8d-4768-832f-6f694a46cc1b		
chr21	41451636	chr6	103205919	1	60	primaryL->SAend	3c270ce4-168f-447e-ae6c-d71f1a76c336		
chr21	41451636	chr7	37848355	1	60	primaryL->SAend	3c270ce4-168f-447e-ae6c-d71f1a76c336		
chr21	41452762	chr7	37848339	1	34	primaryL->SAend	08ea1eab-885e-45c3-900d-05461c62319f		
chr21	41458496	chrX	150824563	1	60	primaryL->SAend	c6e1ca33-5b7b-453c-a03b-138b5494dbcb		
chr21	41459197	chr15	64951271	4	60	primaryR->SAstart	a5236048-b3c3-4073-81b2-dcedc7a05678,a5236048-b3c3-4073-81b2-dcedc7a05678,a5236048-b3c3-4073-81b2-dcedc7a05678		AC103691.1
chr21	41459208	chr6	24029468	2	60	primaryR->SAstart	a4b2d3de-b33c-4f7e-9fe7-e03a3f1c95b5,5f423442-6a8d-4768-832f-6f694a46cc1b		
chr21	41459212	chr15	64853273	1	60	primaryR->SAstart	f03a12ad-2f9a-4db2-b00e-070043996efc		AC069368.1
chr21	41459212	chr15	64948308	1	60	primaryR->SAstart	b1dc92a2-3ff0-450d-9031-815080791505		
chr21	41459212	chr6	103205271	1	60	primaryR->SAstart	3c270ce4-168f-447e-ae6c-d71f1a76c336		
chr21	41459212	chr7	37847122	1	60	primaryR->SAstart	3c270ce4-168f-447e-ae6c-d71f1a76c336		
chr21	41459212	chr7	37847145	1	34	primaryR->SAstart	08ea1eab-885e-45c3-900d-05461c62319f		
chr21	41459212	chrX	150824322	1	60	primaryR->SAstart	c6e1ca33-5b7b-453c-a03b-138b5494dbcb		
chr21	41798238	chr6	24029827	1	60	primaryL->SAend	106980be-3795-4500-8e52-ce730aeda362	PRDM15	
chr21	41810790	chr6	24029470	1	60	primaryR->SAstart	106980be-3795-4500-8e52-ce730aeda362	PRDM15	
chr21	41855969	chr11	14276659	1	46	primaryL->SAend	5093da5a-519a-4134-bb3e-1583ff29270b	PRDM15	
chr21	41855969	chr12	12323263	1	46	primaryL->SAend	5093da5a-519a-4134-bb3e-1583ff29270b	PRDM15	
chr21	41856056	chr22	50199561	1	24	primaryL->SAend	aa635818-128e-426e-894f-a12cc695ccb3	PRDM15	AL022328.4
chr21	41856293	chr11	14275977	1	46	primaryR->SAstart	5093da5a-519a-4134-bb3e-1583ff29270b	PRDM15	
chr21	41856293	chr12	12307430	1	46	primaryR->SAstart	5093da5a-519a-4134-bb3e-1583ff29270b	PRDM15	
chr21	41856304	chr22	50192837	1	24	primaryR->SAstart	aa635818-128e-426e-894f-a12cc695ccb3	PRDM15	
chr21	42550239	chr18	79761564	1	60	primaryL->SAend	ea065c7f-8ed2-4c40-ba41-37a5eca65468		
chr21	42551590	chr18	79633701	1	60	primaryR->SAstart	ea065c7f-8ed2-4c40-ba41-37a5eca65468		
chr21	42580889	chrX	150824669	1	60	primaryL->SAend	1695f640-870e-4f4b-8ca4-07d8bdbf489b		
chr21	42581416	chrX	150823997	1	60	primaryR->SAstart	1695f640-870e-4f4b-8ca4-07d8bdbf489b		
chr21	42993045	chr17	80375712	1	60	primaryL->SAend	e112c172-b851-4058-897a-c135631db767	PKNOX1	AC124319.2
chr21	42993902	chr8	98160787	1	58	primaryL->SAend	8f60a459-3145-4b62-a2bc-50fbdad24965	PKNOX1	
chr21	42995210	chr17	79983865	1	60	primaryR->SAstart	e112c172-b851-4058-897a-c135631db767	PKNOX1	
chr21	42995210	chr8	97981262	1	58	primaryR->SAstart	8f60a459-3145-4b62-a2bc-50fbdad24965	PKNOX1	MATN2
chr21	43092956	chr15	64955011	1	38	primaryL->SAend	6a6f27f5-1318-4b1b-87c6-07901c3d414b		
chr21	43092956	chr15	64955063	4	38	primaryL->SAend	6a6f27f5-1318-4b1b-87c6-07901c3d414b,6a6f27f5-1318-4b1b-87c6-07901c3d414b,6a6f27f5-1318-4b1b-87c6-07901c3d414b		
chr21	43092956	chr17	80260740	1	44	primaryL->SAend	43c369ea-0829-4cb2-9a67-d380f17aa4d3		
chr21	43092956	chr22_KI270733v1_random	172434	1	60	primaryL->SAend	71e711a1-04b0-4df4-b8f6-e8f5c815a2e0		
chr21	43092956	chr6	16099924	1	32	primaryL->SAend	244750a3-1ebf-4a52-8c58-dc81340d026b		
chr21	43093146	chr6	16099520	1	32	primaryR->SAstart	244750a3-1ebf-4a52-8c58-dc81340d026b	U2AF1	
chr21	43093159	chr15	64951271	5	38	primaryR->SAstart	6a6f27f5-1318-4b1b-87c6-07901c3d414b,6a6f27f5-1318-4b1b-87c6-07901c3d414b,6a6f27f5-1318-4b1b-87c6-07901c3d414b	U2AF1	AC103691.1
chr21	43093174	chr22_KI270733v1_random	171023	1	60	primaryR->SAstart	71e711a1-04b0-4df4-b8f6-e8f5c815a2e0	U2AF1	
chr21	43107557	chr17	80260542	1	44	primaryR->SAstart	43c369ea-0829-4cb2-9a67-d380f17aa4d3	U2AF1	
chr21	43145073	chr7	5527776	1	60	primaryL->SAend	1dc9bc9f-76de-462b-acda-879c0fe74b16		ACTB
chr21	43145266	chr7	5527156	1	60	primaryR->SAstart	1dc9bc9f-76de-462b-acda-879c0fe74b16		ACTB
chr21	43149117	chr5	11817233	1	60	primaryL->SAend	85b8a92d-c31e-4921-9c53-039c6e675dc7		
chr21	43150368	chr5	11817059	1	60	primaryR->SAstart	85b8a92d-c31e-4921-9c53-039c6e675dc7		
chr21	43335930	chr19	55266680	1	50	primaryL->SAend	14fe730a-e6eb-4a76-b5d5-939ec42f58d0		HSPBP1
chr21	43337645	chr19	55262243	1	50	primaryR->SAstart	14fe730a-e6eb-4a76-b5d5-939ec42f58d0		HSPBP1
chr21	43414515	chr7	37848371	1	34	primaryL->SAend	8a99b256-6577-409c-b0d0-fbb281b60b0c	SIK1	
chr21	43414524	chrX	136380729	1	60	primaryL->SAend	f56f3606-6dd9-45b5-a68b-53de5d3ddc0b	SIK1	ADGRG4
chr21	43414779	chr7	37847145	1	34	primaryR->SAstart	8a99b256-6577-409c-b0d0-fbb281b60b0c	SIK1	
chr21	43416509	chrX	136380543	1	60	primaryR->SAstart	f56f3606-6dd9-45b5-a68b-53de5d3ddc0b	SIK1	ADGRG4
chr21	43761443	chr15	69455524	1	60	primaryL->SAend	457c6cbd-0ac2-4296-b068-092cc976dded		RPLP1
chr21	43762297	chr15	69452984	1	60	primaryR->SAstart	457c6cbd-0ac2-4296-b068-092cc976dded		RPLP1
chr21	43773950	chr1	27085110	1	60	primaryL->SAend	466f0d23-5e53-405e-aeb2-0666c2c24be9	CSTB	
chr21	43773954	chr5	11817261	1	60	primaryL->SAend	c6969190-5f5d-4b63-84b5-877e1cddbc72	CSTB	
chr21	43774340	chr5	11817078	1	60	primaryR->SAstart	c6969190-5f5d-4b63-84b5-877e1cddbc72	CSTB	
chr21	43775252	chr1	26917604	1	60	primaryR->SAstart	466f0d23-5e53-405e-aeb2-0666c2c24be9	CSTB	
chr21	43789544	chrM	397	1	60	primaryL->SAend	5b6a1a7c-85c2-4314-89c0-003439f1c509	RRP1	
chr21	43799569	chr5	138341867	1	60	primaryL->SAend	4418b2f3-54af-4cef-a9c3-080d57e4ed28	RRP1	FAM53C
chr21	43804080	chrM	220	1	60	primaryR->SAstart	5b6a1a7c-85c2-4314-89c0-003439f1c509	RRP1	
chr21	43804096	chr5	138338280	1	60	primaryR->SAstart	4418b2f3-54af-4cef-a9c3-080d57e4ed28	RRP1	FAM53C
chr21	43865167	chr9	128695533	1	60	primaryL->SAend	256d123b-a955-4d4d-8e07-7d3013a54c19		SET
chr21	43865204	chr15	64954606	1	60	primaryL->SAend	7f19f6ee-e377-4969-a27f-514bac3f0c22	AGPAT3	
chr21	43865345	chr9	128691165	1	60	primaryR->SAstart	256d123b-a955-4d4d-8e07-7d3013a54c19	AGPAT3	SET
chr21	43984011	chr1	111243432	1	60	primaryL->SAend	aa914be5-e9ba-46f3-ba71-39b7820a1d12		CHI3L2
chr21	43984513	chr3	12841529	1	60	primaryL->SAend	0853df8e-cd09-4cbc-9b08-7c0c0166480a		
chr21	43984673	chr3	12836053	1	60	primaryR->SAstart	0853df8e-cd09-4cbc-9b08-7c0c0166480a		RPL32
chr21	43984678	chr15	64865439	1	60	primaryR->SAstart	7f19f6ee-e377-4969-a27f-514bac3f0c22		AC069368.1
chr21	43984832	chr1	111242318	1	60	primaryR->SAstart	aa914be5-e9ba-46f3-ba71-39b7820a1d12		CHI3L2
chr21	43986336	chr6	89328352	1	60	primaryL->SAend	addf72bb-7dca-499b-8248-df48a0d6e1bc		UBE2J1
chr21	43986541	chr6	89328104	1	60	primaryR->SAstart	addf72bb-7dca-499b-8248-df48a0d6e1bc		UBE2J1
chr21	44043210	chr4	99948325	1	54	primaryL->SAend	8fb637d6-eaf5-4692-abac-c46c488b64d0	TRAPPC10	H2AFZ
chr21	44046295	chr4	99948088	1	54	primaryR->SAstart	8fb637d6-eaf5-4692-abac-c46c488b64d0	TRAPPC10	H2AFZ
chr21	44145038	chr16	65806353	1	60	primaryL->SAend	2bf982f8-84bd-4d9a-8566-a2c64bdbfb50	GATD3A	
chr21	44145265	chr11	812875	1	60	primaryL->SAend	8a864303-ec9e-45e9-b37f-63e20d793853	GATD3A	
chr21	44145709	chr11	809976	1	60	primaryR->SAstart	8a864303-ec9e-45e9-b37f-63e20d793853	GATD3A	RPLP2
chr21	44145709	chr16	65805770	1	60	primaryR->SAstart	2bf982f8-84bd-4d9a-8566-a2c64bdbfb50	GATD3A	
chr21	44198462	chr4	176945001	1	44	primaryL->SAend	57ae8318-b7c3-4db2-956e-805b966c1f04		
chr21	44198741	chr4	176898481	1	44	primaryR->SAstart	57ae8318-b7c3-4db2-956e-805b966c1f04		
chr21	44222999	chr17	40942879	1	60	primaryL->SAend	3bad953b-deb8-4927-823f-27a1d9bd3102	ICOSLG	
chr21	44224831	chr17	40887707	1	60	primaryR->SAstart	3bad953b-deb8-4927-823f-27a1d9bd3102	ICOSLG	
chr21	44300071	chr19	36105104	1	60	primaryL->SAend	84a57ef1-4821-4980-9cc9-8e92dc20167b	PFKL	
chr21	44307362	chr19	36086747	1	60	primaryR->SAstart	84a57ef1-4821-4980-9cc9-8e92dc20167b	PFKL	
chr21	44316229	chr15	64952420	1	60	primaryL->SAend	36d6eed9-faff-4afb-9273-a73bfbe7d9a9	PFKL	
chr21	44323752	chr2	120321284	1	60	primaryL->SAend	71c1d112-d8f3-4596-a4ef-5c43aa149ea9	PFKL	AC012363.2
chr21	44324877	chr9	137504212	1	60	primaryL->SAend	5af5f47c-e5f9-4c2c-b51e-82a001e1f0b1	PFKL	PNPLA7
chr21	44325135	chr15	45462571	1	60	primaryL->SAend	96181f4f-9242-482d-afaa-106455d984d3	PFKL	AC025580.2
chr21	44325943	chr11	70115680	1	42	primaryL->SAend	09e9dfb2-eed2-4815-9563-7f45ee254bbd	PFKL	ANO1
chr21	44325943	chrX	1281374	1	42	primaryL->SAend	09e9dfb2-eed2-4815-9563-7f45ee254bbd	PFKL	CSF2RA
chr21	44325960	chrX	64928894	1	60	primaryL->SAend	b33486e8-b6a5-4989-b2bf-35c8e83d9f60	PFKL	ZC4H2
chr21	44326852	chr11	133141110	1	46	primaryL->SAend	1bb50701-634f-45b9-98ff-a9a4326e51ef	PFKL	
chr21	44327132	chr17	64744066	1	60	primaryL->SAend	36dcf404-00e5-4fe7-b1c3-e5f7b31ca005	PFKL	
chr21	44327226	chr8	76984036	1	60	primaryL->SAend	81e94344-6925-47db-bba2-a620bada736b	PFKL	PEX2
chr21	44327331	chr11	133140532	1	46	primaryR->SAstart	1bb50701-634f-45b9-98ff-a9a4326e51ef	PFKL	
chr21	44327332	chrX	64928715	1	60	primaryR->SAstart	b33486e8-b6a5-4989-b2bf-35c8e83d9f60	PFKL	ZC4H2
chr21	44327338	chr15	64951271	1	60	primaryR->SAstart	36d6eed9-faff-4afb-9273-a73bfbe7d9a9	PFKL	AC103691.1
chr21	44327352	chr17	64573149	1	60	primaryR->SAstart	36dcf404-00e5-4fe7-b1c3-e5f7b31ca005	PFKL	
chr21	44327356	chr15	45462097	1	60	primaryR->SAstart	96181f4f-9242-482d-afaa-106455d984d3	PFKL	AC025580.2
chr21	44327364	chr8	76982924	1	60	primaryR->SAstart	81e94344-6925-47db-bba2-a620bada736b	PFKL	PEX2
chr21	44327371	chr11	69917050	1	42	primaryR->SAstart	09e9dfb2-eed2-4815-9563-7f45ee254bbd	PFKL	
chr21	44327371	chr2	120321059	1	60	primaryR->SAstart	71c1d112-d8f3-4596-a4ef-5c43aa149ea9	PFKL	AC012363.2
chr21	44327371	chr9	137503872	1	60	primaryR->SAstart	5af5f47c-e5f9-4c2c-b51e-82a001e1f0b1	PFKL	PNPLA7
chr21	44327371	chrX	770342	1	42	primaryR->SAstart	09e9dfb2-eed2-4815-9563-7f45ee254bbd	PFKL	
chr21	44426686	chr15	64954977	1	60	primaryL->SAend	72a5a9b9-ca0a-426f-9f49-e25138b7c7c3		
chr21	44429350	chr6	24029873	1	60	primaryL->SAend	101226b3-3242-4749-b323-331818f0534a		
chr21	44430132	chr6	24024451	1	60	primaryR->SAstart	101226b3-3242-4749-b323-331818f0534a		
chr21	44442641	chr15	64952515	1	60	primaryR->SAstart	72a5a9b9-ca0a-426f-9f49-e25138b7c7c3		
chr21	44806715	chr16	85556364	1	60	primaryL->SAend	f6c60e19-0b0b-4b38-bf57-cb8b07212957	SUMO3	
chr21	44814112	chr16	85556144	1	60	primaryR->SAstart	f6c60e19-0b0b-4b38-bf57-cb8b07212957	SUMO3	
chr21	44849598	chr6	24029873	1	60	primaryL->SAend	602abb29-326d-4669-8bce-053b654c2e04	PTTG1IP	
chr21	44849600	chr15	64955011	1	60	primaryL->SAend	885662ce-ffd8-4d37-acf5-416b32103d06	PTTG1IP	
chr21	44849600	chr15	64955063	6	60	primaryL->SAend	885662ce-ffd8-4d37-acf5-416b32103d06,885662ce-ffd8-4d37-acf5-416b32103d06,885662ce-ffd8-4d37-acf5-416b32103d06	PTTG1IP	
chr21	44850028	chr6	24029474	1	60	primaryR->SAstart	602abb29-326d-4669-8bce-053b654c2e04	PTTG1IP	
chr21	44861641	chr15	64951271	7	60	primaryR->SAstart	885662ce-ffd8-4d37-acf5-416b32103d06,885662ce-ffd8-4d37-acf5-416b32103d06,885662ce-ffd8-4d37-acf5-416b32103d06	PTTG1IP	AC103691.1
chr21	44885949	chr13	33499761	1	60	primaryL->SAend	2210e166-dc2c-4afc-aa9f-8744181c4b97		AL139383.1
chr21	44885953	chr3	170084475	1	60	primaryL->SAend	fe365ff1-403b-4df1-82b6-fa28e0e1cba8		
chr21	44885957	chr4	90838582	1	60	primaryL->SAend	fe93c683-a18d-4474-b9ae-28832b69773d	ITGB2	
chr21	44886111	chr13	33499506	1	60	primaryR->SAstart	2210e166-dc2c-4afc-aa9f-8744181c4b97	ITGB2	AL139383.1
chr21	44886189	chr3	170079773	1	60	primaryR->SAstart	fe365ff1-403b-4df1-82b6-fa28e0e1cba8	ITGB2	
chr21	44890179	chr4	90838486	1	60	primaryR->SAstart	fe93c683-a18d-4474-b9ae-28832b69773d	ITGB2	
chr21	44934725	chr12	4274017	1	60	primaryL->SAend	a6e61bc9-8268-4e47-b7fb-ab2652cd8f92	LINC01547	CCND2
chr21	44939705	chr12	4273772	1	60	primaryR->SAstart	a6e61bc9-8268-4e47-b7fb-ab2652cd8f92		AC008012.1
chr21	44978549	chr8	139804811	1	60	primaryL->SAend	ce462aff-be5a-49c6-8277-ad03fef22f0d		TRAPPC9
chr21	44978801	chr15	64955063	1	23	primaryL->SAend	d77165da-7aef-4452-8f0d-80301780f702		
chr21	44979253	chr15	64952399	1	23	primaryR->SAstart	d77165da-7aef-4452-8f0d-80301780f702	AP001505.1	
chr21	44979258	chr8	139804137	1	60	primaryR->SAstart	ce462aff-be5a-49c6-8277-ad03fef22f0d	AP001505.1	TRAPPC9
chr21	45263928	chr22	22906803	1	60	primaryL->SAend	85b62a12-e5b2-40bd-baac-dd71c6bd357c	LINC00334	IGLC3
chr21	45263928	chr5	32601333	1	60	primaryL->SAend	eb7ac3a0-0985-4ec5-bc06-b45eb51f52c6	LINC00334	SUB1
chr21	45264097	chr5	32585584	1	60	primaryR->SAstart	eb7ac3a0-0985-4ec5-bc06-b45eb51f52c6	POFUT2	SUB1
chr21	45265674	chr22	22904988	1	60	primaryR->SAstart	85b62a12-e5b2-40bd-baac-dd71c6bd357c	POFUT2	IGLJ3
chr21	45502517	chr18	63725456	1	60	primaryL->SAend	0797baef-df4b-4a8f-9f7f-3a639c7aa30f	SLC19A1	
chr21	45505243	chr18	63724085	1	60	primaryR->SAstart	0797baef-df4b-4a8f-9f7f-3a639c7aa30f	SLC19A1	
chr21	46235143	chr22	39318440	1	60	primaryL->SAend	4b876015-54ea-4080-89a7-b17437b1297f	MCM3AP	
chr21	46235153	chr6	9795401	1	60	primaryL->SAend	27cf6e9a-4d9f-4f13-9a9b-8683810e4021	MCM3AP	OFCC1
chr21	46236904	chr22	39312884	1	60	primaryR->SAstart	4b876015-54ea-4080-89a7-b17437b1297f	MCM3AP	RPL3
chr21	46241037	chr6	9795221	1	60	primaryR->SAstart	27cf6e9a-4d9f-4f13-9a9b-8683810e4021	MCM3AP	OFCC1
chr21	46301143	chr15	64955063	2	60	primaryL->SAend	8200ae39-f6fd-4fea-8f01-58a02df497d4,8200ae39-f6fd-4fea-8f01-58a02df497d4	C21orf58	
chr21	46301143	chrX	150824328	1	60	primaryL->SAend	730ab27a-7cc9-4460-b1da-b4aa22904aeb	C21orf58	
chr21	46301715	chrX	150823990	1	60	primaryR->SAstart	730ab27a-7cc9-4460-b1da-b4aa22904aeb	C21orf58	
chr21	46311852	chr15	64951271	2	60	primaryR->SAstart	8200ae39-f6fd-4fea-8f01-58a02df497d4,8200ae39-f6fd-4fea-8f01-58a02df497d4	C21orf58	AC103691.1
chr21	46324151	chr6	79201728	1	60	primaryL->SAend	d51f4c4b-2906-4450-8fbf-d96e8beb938e	PCNT	HMGN3
chr21	46349821	chr6	79201245	1	60	primaryR->SAstart	d51f4c4b-2906-4450-8fbf-d96e8beb938e	PCNT	
chr21	46444648	chr18	53086630	2	60	primaryL->SAend	9d8aeb3b-42af-4c2a-a3f0-d6ba2970995a,eaa56396-2ae3-4459-bdd8-1922b0ef5530		
chr21	46445501	chr15	64952925	1	60	primaryL->SAend	1bbb1026-6335-4490-a5b4-948206d1e8b3		
chr21	46445501	chr15	64955063	2	60	primaryL->SAend	1bbb1026-6335-4490-a5b4-948206d1e8b3,1bbb1026-6335-4490-a5b4-948206d1e8b3		
chr21	46445734	chr18	53086449	1	60	primaryR->SAstart	9d8aeb3b-42af-4c2a-a3f0-d6ba2970995a		
chr21	46445743	chr15	64951271	3	60	primaryR->SAstart	1bbb1026-6335-4490-a5b4-948206d1e8b3,1bbb1026-6335-4490-a5b4-948206d1e8b3,1bbb1026-6335-4490-a5b4-948206d1e8b3		AC103691.1
chr21	46445767	chr18	53086390	1	60	primaryR->SAstart	eaa56396-2ae3-4459-bdd8-1922b0ef5530		
chr21	46536199	chrEBV	40195	1	60	primaryL->SAend	2027212b-70bd-4a21-84be-a483c5bd9524		
chr21	46537541	chrEBV	38022	1	60	primaryR->SAstart	2027212b-70bd-4a21-84be-a483c5bd9524		
chr21	46563862	chr19	12849677	1	60	primaryL->SAend	b62669e8-2137-4101-9e25-2903fca98d1c		MAST1
chr21	46569708	chr19	12791496	1	60	primaryR->SAstart	b62669e8-2137-4101-9e25-2903fca98d1c		
chr21	46644380	chrM	8289	1	60	primaryL->SAend	c2b31057-b9fd-495b-b794-ccbc530772a1	PRMT2	
chr21	46649888	chrM	7596	1	60	primaryR->SAstart	c2b31057-b9fd-495b-b794-ccbc530772a1	PRMT2	MT-CO2
chr21	46662028	chr11	133140998	1	60	primaryL->SAend	6b26940c-9e8c-418e-bd2d-d43c70ea1346		
chr21	46663373	chr15	64955061	2	39	primaryL->SAend	75674b00-f12a-41c9-838d-1192943d7fba,75674b00-f12a-41c9-838d-1192943d7fba		
chr21	46664946	chr15	64951271	2	39	primaryR->SAstart	75674b00-f12a-41c9-838d-1192943d7fba,75674b00-f12a-41c9-838d-1192943d7fba		AC103691.1
chr21	46665698	chr11	133140532	1	60	primaryR->SAstart	6b26940c-9e8c-418e-bd2d-d43c70ea1346		
