chrom	pos	side	support	median_mapq	median_cliplen	example_reads	genes
chr17	7639514	L	1	60	106	d306bb4c-4bb1-4cce-ab78-ab1148079f1c	
chr17	7668421	L	98	60	62	0fde07fe-7f6a-48a7-b6e9-1013e20b390e,56323c1b-a2af-4903-a6a3-aa2dadc6ca27,a74f451e-f97a-466b-9a02-412b8aff2cb3	TP53
chr17	7668432	L	18	60	73	ddd6c6b9-79b7-46aa-9af6-4bedf03107e2,31d4c450-0754-40f1-95d1-f64ccae4c2dd,73b5020a-b88d-4432-9f62-51f69b2f47ca	TP53
chr17	7668442	L	5	60	43	6521931c-6a6e-4f37-a39c-fb40859862f5,a9400ed3-aeea-4f59-9415-900270db6cae,c2f9186d-b273-4a3a-9af0-07564e3ff9d0	TP53
chr17	7668460	L	38	60	30	0723215c-bcb9-4504-bf72-d33ff0eb82a8,69bf381e-9cd7-4487-982e-396155b86feb,a1718adb-1028-4f6b-99e1-cdda289268c9	TP53
chr17	7668486	L	2	60	46	44a4e79a-8a6f-4119-baf5-88bb0a0a2f17,a9b39013-6535-41c1-b1a5-0b9d1feff8d0	TP53
chr17	7668509	L	3	60	55	da3fdfa2-d3b5-4901-a20c-3d8db3772176,3bf39810-ce17-4d2c-a1a7-e59da6d8460a,2f71b44e-4c66-4a92-907b-b2afa4cec938	TP53
chr17	7668574	L	2	23	120	df73e993-cf3f-44cf-b014-10fa77aa8c85,2c07732f-25cf-497e-85d1-8005611a3fd3	TP53
chr17	7668663	R	1	25	246	5366da53-73a4-4d53-b812-1370a0b4fbdb	TP53
chr17	7668810	R	2	60	127	fe270a3c-091d-45a6-a108-32ebb2102927,73b5020a-b88d-4432-9f62-51f69b2f47ca	TP53
chr17	7668847	R	2	36	103	ff6eb837-cbdf-4541-a922-2a5f976c3b59,546612f7-009b-4325-9186-228ff3bf390d	TP53
chr17	7668969	R	1	28	37	2f71b44e-4c66-4a92-907b-b2afa4cec938	TP53
chr17	7669036	R	2	60	241	f67d69fa-d34b-46c4-9ed9-baa7d62fee3a,837b71d7-ebfa-40fb-98d5-c318934f9c79	TP53
chr17	7669266	R	1	23	57	2c07732f-25cf-497e-85d1-8005611a3fd3	TP53
chr17	7669293	R	1	60	142	f12a56f6-5e75-423b-80f7-fb251f613cac	TP53
chr17	7669668	L	1	60	32	eaf214d2-96bb-45e2-9ec8-1febece46c7a	TP53
chr17	7669719	R	1	60	98	5ebd9880-8be9-4bc4-ad22-dadf94be003c	TP53
chr17	7673839	R	1	60	466	53c86b45-f4cd-4afd-9a79-a04611452bfe	TP53
chr17	7674305	R	1	60	369	02c62891-c55d-4686-af86-00c700279ab7	TP53
